survived,pclass,sex,age,sibsp,parch,fare,embarked
0,0,0,0.2711736617240513,1,0,7.25,0
1,1,1,0.4722292033174164,1,0,71.2833,1
1,0,1,0.32143754712239253,0,0,7.925,0
1,1,1,0.43453128926866047,1,0,53.1,0
0,0,0,0.43453128926866047,0,0,8.05,0
0,0,0,0.3465694898215632,0,0,8.4583,2
0,1,0,0.6732847449107816,0,0,51.8625,0
0,0,0,0.01985423473234481,1,1,21.075,0
1,0,1,0.33400351847197784,0,1,11.1333,0
1,0,1,0.17064589092736868,1,0,30.0708,1
1,0,1,0.04498617743151546,1,1,16.7,0
1,1,1,0.7235486303091229,0,0,26.55,0
0,0,0,0.24604171902488062,0,0,8.05,0
0,0,0,0.4847951746670017,1,1,31.275,0
0,0,1,0.17064589092736868,0,0,7.8542,0
1,0,1,0.6858507162603669,0,0,16.0,0
0,0,0,0.01985423473234481,1,1,29.125,2
1,0,0,0.3465694898215632,0,0,13.0,0
0,0,1,0.38426740387031916,1,0,18.0,0
1,0,1,0.3465694898215632,0,0,7.225,1
0,0,0,0.43453128926866047,0,0,26.0,0
1,0,0,0.42196531791907516,0,0,13.0,0
1,0,1,0.18321186227695402,0,0,8.0292,2
1,1,0,0.3465694898215632,0,0,35.5,0
0,0,1,0.09525006282985675,1,1,21.075,0
1,0,1,0.4722292033174164,1,1,31.3875,0
0,0,0,0.3465694898215632,0,0,7.225,1
0,1,0,0.23347574767529528,1,1,263.0,0
1,0,1,0.3465694898215632,0,0,7.8792,2
0,0,0,0.3465694898215632,0,0,7.8958,0
0,1,0,0.4973611460165871,0,0,27.7208,1
1,1,1,0.3465694898215632,1,0,146.5208,1
1,0,1,0.3465694898215632,0,0,7.75,2
0,0,0,0.8240764011058055,0,0,10.5,0
0,1,0,0.3465694898215632,1,0,82.1708,1
0,1,0,0.5224930887157577,1,0,52.0,0
1,0,0,0.3465694898215632,0,0,7.2292,1
0,0,0,0.2586076903744659,0,0,8.05,0
0,0,1,0.22090977632570996,1,0,18.0,0
1,0,1,0.17064589092736868,1,0,11.2417,1
0,0,1,0.4973611460165871,1,0,9.475,0
0,0,1,0.33400351847197784,1,0,21.0,0
0,0,0,0.3465694898215632,0,0,7.8958,1
1,0,1,0.032420206081930136,1,1,41.5792,1
1,0,1,0.23347574767529528,0,0,7.8792,2
0,0,0,0.3465694898215632,0,0,8.05,0
0,0,0,0.3465694898215632,1,0,15.5,2
1,0,1,0.3465694898215632,0,0,7.75,2
0,0,0,0.3465694898215632,1,0,21.6792,1
0,0,1,0.22090977632570996,1,0,17.8,0
0,0,0,0.08268409148027142,1,1,39.6875,0
0,0,0,0.2586076903744659,0,0,7.8,0
1,1,1,0.610454888162855,1,0,76.7292,1
1,0,1,0.35913546117114853,1,0,26.0,0
0,1,0,0.8115104297562201,0,1,61.9792,1
1,1,0,0.3465694898215632,0,0,35.5,0
1,0,1,0.2586076903744659,0,0,10.5,0
0,0,0,0.35285247549635584,0,0,7.2292,1
1,0,1,0.05755214878110078,1,1,27.75,0
0,0,0,0.13294797687861273,1,1,46.9,0
0,0,0,0.2711736617240513,0,0,7.2292,1
1,1,1,0.4722292033174164,0,0,80.0,0
0,1,0,0.5601910027645137,1,0,83.475,0
0,0,0,0.04498617743151546,1,1,27.9,0
0,1,0,0.3465694898215632,0,0,27.7208,1
1,0,0,0.3465694898215632,1,1,15.2458,1
1,0,1,0.35913546117114853,0,0,10.5,0
0,0,0,0.23347574767529528,0,0,8.1583,0
1,0,1,0.20834380497612465,1,1,7.925,0
0,0,0,0.32143754712239253,1,0,8.6625,0
0,0,0,0.39683337521990447,0,0,10.5,0
0,0,1,0.19577783362653933,1,1,46.9,0
0,0,0,0.2586076903744659,0,0,73.5,0
0,0,0,0.32143754712239253,1,0,14.4542,1
1,0,0,0.39683337521990447,0,0,56.4958,0
0,0,0,0.3088715757728072,0,0,7.65,0
0,0,0,0.3465694898215632,0,0,7.8958,0
0,0,0,0.3465694898215632,0,0,8.05,0
1,0,0,0.005152048253329982,0,1,29.0,0
1,0,1,0.37170143252073384,0,0,12.475,0
0,0,0,0.2711736617240513,0,0,9.0,0
1,0,0,0.35913546117114853,0,0,9.5,0
1,0,1,0.3465694898215632,0,0,7.7875,2
0,1,0,0.3465694898215632,0,0,47.1,0
1,0,1,0.20834380497612465,0,0,10.5,0
1,0,1,0.4093993465694898,1,0,15.85,0
0,0,0,0.19577783362653933,1,1,34.375,0
0,0,0,0.3465694898215632,0,0,8.05,0
1,1,1,0.2837396330736366,1,1,263.0,0
0,0,0,0.2963056044232219,0,0,8.05,0
0,0,0,0.35913546117114853,0,0,8.05,0
0,0,0,0.24604171902488062,0,0,7.8542,0
0,1,0,0.572756974114099,1,0,61.175,0
0,0,0,0.32143754712239253,1,1,20.575,0
0,0,0,0.7361146016587082,0,0,7.25,0
0,0,0,0.3465694898215632,0,0,8.05,0
0,1,0,0.8869062578537321,0,0,34.6542,1
1,1,0,0.2837396330736366,0,1,63.3583,1
1,0,1,0.42196531791907516,0,1,23.0,0
0,0,0,0.42196531791907516,1,0,26.0,0
0,0,1,0.3465694898215632,0,0,7.8958,0
0,0,0,0.3465694898215632,0,0,7.8958,0
0,1,0,0.2586076903744659,0,1,77.2875,0
0,0,0,0.4093993465694898,0,0,8.6542,0
0,0,0,0.4596632319678311,1,0,7.925,0
0,0,0,0.3465694898215632,0,0,7.8958,0
1,0,1,0.2586076903744659,0,0,7.65,0
1,0,0,0.3465694898215632,0,0,7.775,0
0,0,0,0.4722292033174164,0,0,7.8958,0
1,0,1,0.3465694898215632,1,0,24.15,2
0,1,0,0.5853229454636844,0,0,52.0,0
0,0,1,0.17692887660216136,1,0,14.4542,1
0,0,0,0.2711736617240513,0,0,8.05,0
0,0,1,0.24604171902488062,1,0,9.825,0
0,0,1,0.20834380497612465,0,0,14.4583,1
0,0,0,0.2586076903744659,0,0,7.925,0
0,0,0,0.8806232721789394,0,0,7.75,2
0,0,0,0.35913546117114853,1,0,21.0,0
0,1,0,0.2963056044232219,0,1,247.5208,1
0,0,1,0.01985423473234481,1,1,31.275,0
0,0,0,0.2586076903744659,1,0,73.5,0
0,0,0,0.3465694898215632,0,0,8.05,0
0,0,0,0.40311636089469716,1,0,30.0708,1
1,0,1,0.40311636089469716,0,0,13.0,0
0,1,0,0.6732847449107816,0,1,77.2875,0
1,0,0,0.14551394822819805,1,0,11.2417,1
0,0,0,0.3465694898215632,0,0,7.75,2
1,0,0,0.2963056044232219,0,0,7.1417,0
1,0,1,0.3465694898215632,1,1,22.3583,1
0,0,0,0.5601910027645137,0,0,6.975,0
0,0,0,0.4093993465694898,0,0,7.8958,1
0,0,0,0.24604171902488062,0,0,7.05,0
0,0,1,0.5853229454636844,1,0,14.5,0
1,0,1,0.35913546117114853,1,0,26.0,0
0,0,0,0.3088715757728072,0,0,13.0,0
0,0,0,0.2837396330736366,0,0,15.0458,1
1,1,1,0.23347574767529528,0,1,26.2833,0
0,1,0,0.4596632319678311,1,0,53.1,0
0,0,0,0.19577783362653933,0,0,9.2167,0
0,1,0,0.2963056044232219,0,0,79.2,1
0,0,1,0.3465694898215632,0,1,15.2458,1
1,0,1,0.2711736617240513,0,0,7.75,0
1,0,1,0.2963056044232219,1,0,15.85,0
0,0,0,0.23347574767529528,0,0,6.75,2
0,0,0,0.22090977632570996,0,0,11.5,0
0,0,0,0.23347574767529528,1,1,36.75,0
1,0,0,0.33400351847197784,0,0,7.7958,0
0,0,1,0.10781603417944208,1,1,34.375,0
0,0,0,0.4533802462930384,0,1,26.0,0
0,0,0,0.5224930887157577,0,0,13.0,0
0,0,0,0.6355868308620256,0,0,12.525,0
1,1,1,0.2711736617240513,1,0,66.6,0
0,0,0,0.6921337019351596,0,0,8.05,0
0,0,0,0.5036441316913798,0,1,14.5,0
0,0,0,0.3465694898215632,0,0,7.3125,0
0,1,0,0.6355868308620256,0,1,61.3792,1
1,0,1,0.19577783362653933,0,0,7.7333,2
0,0,0,0.37170143252073384,0,0,8.05,0
0,0,0,0.3465694898215632,0,0,8.6625,0
0,0,0,0.3465694898215632,1,1,69.55,0
0,0,0,0.5476250314149284,0,1,16.1,0
1,0,1,0.4973611460165871,0,0,15.75,0
0,0,0,0.32143754712239253,0,0,7.775,0
0,0,0,0.20834380497612465,0,0,8.6625,0
0,0,0,0.007288263382759489,1,1,39.6875,0
1,0,0,0.10781603417944208,0,1,20.525,0
1,1,1,0.3465694898215632,0,1,55.0,0
0,0,1,0.5601910027645137,1,1,27.9,0
0,1,0,0.3465694898215632,0,0,25.925,0
0,0,0,0.3465694898215632,0,0,56.4958,0
0,1,0,0.7612465443578789,0,0,33.5,0
0,0,0,0.04498617743151546,1,1,29.125,2
1,0,1,0.007288263382759489,1,1,11.1333,0
0,0,0,0.2586076903744659,0,0,7.925,0
0,1,0,0.6984166876099522,0,0,30.6958,1
0,0,0,0.22090977632570996,1,1,7.8542,0
0,0,0,0.3465694898215632,1,1,25.4667,0
0,1,1,0.6230208595124404,0,0,28.7125,1
0,0,0,0.37170143252073384,0,0,13.0,0
0,0,0,0.4470972606182458,0,0,0.0,0
0,0,1,0.3465694898215632,1,1,69.55,0
0,0,0,0.3465694898215632,0,0,15.05,1
0,0,0,0.10781603417944208,1,1,31.3875,0
1,0,0,0.007288263382759489,1,1,39.0,0
1,0,1,0.04498617743151546,0,1,22.025,0
0,1,0,0.3465694898215632,0,0,50.0,0
1,0,1,0.3465694898215632,1,0,15.5,2
1,1,0,0.5601910027645137,0,0,26.55,0
0,0,0,0.4973611460165871,1,1,15.5,2
0,0,0,0.4470972606182458,0,0,7.8958,0
1,0,1,0.39683337521990447,0,0,13.0,0
0,0,0,0.23347574767529528,0,0,13.0,0
1,0,1,0.23347574767529528,1,0,7.8542,0
1,0,0,0.032420206081930136,1,1,26.0,0
1,1,1,0.5476250314149284,0,0,27.7208,1
1,1,1,0.7235486303091229,0,0,146.5208,1
0,0,0,0.3465694898215632,0,0,7.75,2
0,0,0,0.5224930887157577,0,1,8.4042,0
1,0,1,0.3465694898215632,0,0,7.75,2
0,0,1,0.2963056044232219,0,0,13.0,0
0,0,0,0.3465694898215632,0,0,9.5,0
0,0,0,0.3465694898215632,1,1,69.55,0
0,0,0,0.42196531791907516,0,0,6.4958,0
0,0,0,0.5664739884393063,0,0,7.225,1
1,0,0,0.22090977632570996,0,0,8.05,0
0,0,1,0.01985423473234481,0,1,10.4625,0
0,0,0,0.39683337521990447,1,0,15.85,0
1,0,0,0.32143754712239253,0,0,18.7875,1
1,0,1,0.19577783362653933,0,0,7.75,2
1,1,0,0.4973611460165871,0,0,31.0,1
0,0,0,0.2963056044232219,0,0,7.05,0
1,0,1,0.43453128926866047,0,0,21.0,0
0,0,0,0.2711736617240513,0,0,7.25,0
0,0,0,0.37170143252073384,0,0,13.0,0
0,0,0,0.3465694898215632,1,0,7.75,2
1,1,1,0.38426740387031916,1,0,113.275,1
1,0,1,0.33400351847197784,0,0,7.925,0
0,0,0,0.5224930887157577,1,0,27.0,0
1,1,1,0.39683337521990447,0,0,76.2917,1
0,0,0,0.37170143252073384,0,0,10.5,0
1,0,0,0.19577783362653933,0,0,8.05,0
0,0,0,0.33400351847197784,0,0,13.0,0
0,0,0,0.6355868308620256,0,0,8.05,0
0,0,0,0.3465694898215632,0,0,7.8958,0
1,1,0,0.4722292033174164,1,0,90.0,0
0,0,0,0.2711736617240513,0,0,9.35,0
1,0,0,0.23347574767529528,0,0,10.5,0
0,0,0,0.2523247046996733,0,0,7.25,0
0,0,0,0.22090977632570996,0,0,13.0,0
0,0,1,0.3465694898215632,1,1,25.4667,0
1,1,1,0.43453128926866047,1,0,83.475,0
0,0,0,0.35913546117114853,0,0,7.775,0
0,0,0,0.7361146016587082,0,0,13.5,0
1,0,1,0.05755214878110078,1,1,31.3875,0
0,0,0,0.2963056044232219,0,0,10.5,0
0,0,1,0.3465694898215632,0,0,7.55,0
0,0,0,0.5476250314149284,1,0,26.0,0
1,0,1,0.09525006282985675,0,1,26.25,0
0,0,0,0.23347574767529528,0,0,10.5,0
0,0,0,0.4093993465694898,0,0,12.275,0
0,0,1,0.3465694898215632,1,0,14.4542,1
1,0,1,0.3465694898215632,1,0,15.5,2
0,0,0,0.35913546117114853,0,0,10.5,0
0,0,0,0.2711736617240513,0,0,7.125,0
0,0,0,0.37170143252073384,0,0,7.225,1
0,1,0,0.5476250314149284,1,0,90.0,2
0,0,1,0.3088715757728072,0,0,7.775,0
1,0,1,0.2963056044232219,0,1,14.5,0
1,1,0,0.4596632319678311,1,1,52.5542,0
0,0,0,0.6732847449107816,1,0,26.0,0
0,0,0,0.3465694898215632,0,0,7.25,0
0,0,1,0.35913546117114853,1,1,10.4625,0
0,1,0,0.7738125157074642,0,0,26.55,0
0,0,0,0.37170143252073384,1,0,16.1,0
0,0,1,0.5099271173661724,0,1,20.2125,0
1,0,1,0.35913546117114853,0,1,15.2458,1
1,1,1,0.3465694898215632,0,0,79.2,1
1,1,1,0.37170143252073384,0,0,86.5,0
1,1,1,0.43453128926866047,0,0,512.3292,1
1,0,1,0.6230208595124404,0,1,26.0,0
0,0,0,0.3465694898215632,0,0,7.75,2
1,0,0,0.032420206081930136,1,1,31.3875,0
0,1,0,0.648152802211611,1,1,79.65,0
0,1,0,0.4973611460165871,0,0,0.0,0
0,0,1,0.3465694898215632,0,0,7.75,2
0,0,0,0.4470972606182458,0,0,10.5,0
0,0,0,0.19577783362653933,1,1,39.6875,0
1,0,0,0.3088715757728072,1,0,7.775,0
1,1,1,0.7235486303091229,0,1,153.4625,0
1,1,1,0.43453128926866047,0,0,135.6333,0
0,1,0,0.3465694898215632,0,0,31.0,0
1,0,0,0.3088715757728072,0,0,0.0,0
1,0,1,0.5099271173661724,0,1,19.5,0
0,1,0,0.4596632319678311,0,1,29.7,1
1,0,1,0.3465694898215632,0,0,7.75,2
1,1,1,0.7863784870570495,1,0,77.9583,0
0,0,1,0.5601910027645137,0,0,7.75,0
0,0,0,0.3465694898215632,0,0,0.0,0
0,0,0,0.08268409148027142,1,1,29.125,2
1,0,1,0.43453128926866047,1,1,20.25,0
0,0,0,0.8115104297562201,0,0,7.75,2
0,0,0,0.3465694898215632,0,0,7.8542,0
0,0,0,0.19577783362653933,0,0,9.5,0
1,0,0,0.23347574767529528,0,0,8.05,0
0,1,0,0.3465694898215632,0,0,26.0,0
0,0,0,0.4093993465694898,0,0,8.6625,1
1,0,0,0.37170143252073384,0,0,9.5,0
0,0,0,0.2711736617240513,0,0,7.8958,0
1,0,0,0.5224930887157577,0,0,13.0,0
1,0,1,0.2711736617240513,0,0,7.75,2
1,1,1,0.32143754712239253,0,0,78.85,0
1,1,1,0.23347574767529528,1,0,91.0792,1
0,0,0,0.4470972606182458,0,0,12.875,1
0,0,1,0.2963056044232219,0,0,8.85,0
0,0,0,0.2963056044232219,0,0,7.8958,0
0,1,0,0.3465694898215632,0,0,27.7208,1
0,0,0,0.2900226187484292,0,0,7.2292,1
0,1,1,0.01985423473234481,1,1,151.55,0
1,1,0,0.3465694898215632,0,0,30.5,0
1,1,1,0.6230208595124404,0,1,247.5208,1
1,0,1,0.3465694898215632,0,0,7.75,2
1,0,0,0.3465694898215632,1,0,23.25,2
0,0,0,0.23347574767529528,0,0,0.0,0
1,0,1,0.3465694898215632,0,0,12.35,2
0,0,0,0.3465694898215632,0,0,8.05,0
1,1,0,0.0062829856747926615,1,1,151.55,0
1,1,1,0.3465694898215632,0,0,110.8833,1
1,1,1,0.20834380497612465,1,0,108.9,1
0,0,0,0.37170143252073384,1,0,24.0,1
1,1,1,0.37170143252073384,0,0,56.9292,1
1,1,1,0.2963056044232219,0,0,83.1583,1
1,1,1,0.22090977632570996,1,1,262.375,1
0,0,1,0.32143754712239253,1,1,26.0,0
0,0,0,0.3465694898215632,0,0,7.8958,0
0,0,0,0.5350590600653431,1,1,26.25,0
1,0,1,0.32143754712239253,0,0,7.8542,0
1,0,1,0.2963056044232219,1,0,26.0,0
0,0,0,0.6732847449107816,0,0,14.0,0
1,1,1,0.38426740387031916,0,1,164.8667,0
1,1,1,0.4973611460165871,1,1,134.5,1
0,0,0,0.2711736617240513,0,0,7.25,0
0,0,0,0.33400351847197784,0,0,7.8958,0
1,0,1,0.37170143252073384,0,0,12.35,2
1,0,1,0.2711736617240513,1,1,29.0,0
0,0,0,0.3465694898215632,1,1,69.55,0
1,1,1,0.4470972606182458,0,0,135.6333,1
0,0,0,0.7612465443578789,0,0,6.2375,0
1,0,1,0.4470972606182458,0,0,13.0,0
1,0,1,0.38426740387031916,1,1,20.525,0
1,1,1,0.19577783362653933,0,1,57.9792,1
1,0,1,0.3465694898215632,1,0,23.25,2
0,1,0,0.5664739884393063,0,0,28.5,0
0,1,0,0.4722292033174164,0,1,153.4625,0
0,0,0,0.19577783362653933,1,0,18.0,0
1,1,1,0.3465694898215632,1,0,133.65,0
0,0,0,0.3465694898215632,0,0,7.8958,0
0,1,0,0.35913546117114853,1,0,66.6,0
1,1,1,0.5099271173661724,0,0,134.5,1
1,0,0,0.5601910027645137,0,0,8.05,0
0,1,0,0.5601910027645137,0,0,35.5,0
1,0,0,0.01985423473234481,1,1,26.0,0
1,1,1,0.2963056044232219,1,1,263.0,0
0,0,0,0.3465694898215632,0,0,13.0,0
0,0,0,0.3088715757728072,0,0,13.0,0
0,0,0,0.4470972606182458,0,0,13.0,0
1,0,1,0.2963056044232219,0,0,13.0,0
1,0,1,0.4973611460165871,0,0,13.0,0
1,0,1,0.3465694898215632,1,0,16.1,0
1,0,0,0.032420206081930136,1,1,15.9,0
0,0,0,0.5224930887157577,0,0,8.6625,0
0,0,0,0.2837396330736366,0,0,9.225,0
0,1,0,0.3465694898215632,0,0,35.0,0
0,0,0,0.18321186227695402,1,1,7.2292,1
0,0,0,0.3088715757728072,1,0,17.8,0
0,0,0,0.3465694898215632,0,0,7.225,1
0,0,0,0.3465694898215632,0,0,9.5,0
1,1,1,0.2711736617240513,0,1,55.0,0
0,0,1,0.4722292033174164,0,0,13.0,0
1,0,1,0.3465694898215632,0,0,7.8792,2
1,0,1,0.3465694898215632,0,0,7.8792,2
0,0,0,0.4973611460165871,1,1,27.9,0
0,0,0,0.35913546117114853,1,0,27.7208,1
0,0,1,0.5601910027645137,0,1,14.4542,1
0,0,0,0.43453128926866047,0,0,7.05,0
0,0,0,0.3465694898215632,1,0,15.5,2
0,0,0,0.37170143252073384,0,0,7.25,0
1,1,1,0.7486805730082935,1,0,75.25,1
1,0,1,0.3465694898215632,0,0,7.2292,1
1,0,1,0.3465694898215632,0,0,7.75,2
1,1,1,0.2963056044232219,0,0,69.3,1
1,1,0,0.3088715757728072,1,0,55.4417,1
0,0,0,0.22090977632570996,1,0,6.4958,0
0,0,0,0.23347574767529528,0,0,8.05,0
0,1,0,0.2711736617240513,0,0,135.6333,1
0,0,1,0.032420206081930136,1,1,21.075,0
1,1,1,0.3465694898215632,1,0,82.1708,1
1,0,1,0.2711736617240513,0,0,7.25,0
0,1,0,0.33400351847197784,0,1,211.5,1
0,0,0,0.24604171902488062,0,0,4.0125,1
0,0,0,0.23347574767529528,0,0,7.775,0
1,1,1,0.5224930887157577,0,0,227.525,1
1,0,1,0.007288263382759489,0,1,15.7417,1
0,0,0,0.39683337521990447,0,0,7.925,0
1,1,1,0.43453128926866047,1,0,52.0,0
0,0,0,0.3465694898215632,0,0,7.8958,0
0,0,0,0.22090977632570996,0,0,73.5,0
0,0,0,0.007288263382759489,1,1,46.9,0
1,0,1,0.4470972606182458,0,0,13.0,0
0,0,0,0.3465694898215632,0,0,7.7292,2
1,0,1,0.20834380497612465,0,0,12.0,1
1,1,0,0.4470972606182458,1,1,120.0,0
1,0,0,0.2586076903744659,0,0,7.7958,0
0,0,0,0.3465694898215632,1,0,7.925,0
1,1,1,0.2837396330736366,1,0,113.275,1
1,0,1,0.2963056044232219,0,1,16.7,0
0,0,0,0.2711736617240513,0,0,7.7958,0
0,0,1,0.38426740387031916,0,0,7.8542,0
0,0,0,0.572756974114099,0,0,26.0,0
0,0,0,0.2837396330736366,0,0,10.5,0
1,0,1,0.3465694898215632,0,0,12.65,0
1,0,0,0.4847951746670017,0,0,7.925,0
0,0,0,0.32143754712239253,0,0,8.05,0
0,0,1,0.2586076903744659,1,0,9.825,0
0,0,0,0.3465694898215632,1,0,15.85,0
0,0,1,0.24604171902488062,0,0,8.6625,0
0,0,0,0.42196531791907516,1,0,21.0,0
0,0,0,0.6355868308620256,0,0,7.75,0
1,0,0,0.032420206081930136,1,1,18.75,0
0,0,0,0.2586076903744659,0,0,7.775,0
0,0,1,0.3465694898215632,1,1,25.4667,0
0,0,0,0.3465694898215632,0,0,7.8958,0
0,0,0,0.3465694898215632,0,0,6.8583,2
1,1,1,0.4093993465694898,1,0,90.0,2
0,0,0,0.3465694898215632,0,0,0.0,0
1,0,0,0.5476250314149284,0,0,7.925,0
0,0,1,0.3465694898215632,0,0,8.05,0
1,0,1,0.42196531791907516,1,1,32.5,0
1,0,1,0.22090977632570996,0,1,13.0,0
0,0,0,0.37170143252073384,0,0,13.0,0
0,0,1,0.12038200552902739,0,1,24.15,0
0,0,0,0.3465694898215632,0,0,7.8958,1
0,0,0,0.2586076903744659,0,0,7.7333,2
0,0,0,0.35913546117114853,0,0,7.875,0
0,0,1,0.3465694898215632,1,1,14.4,0
0,0,0,0.22090977632570996,1,1,20.2125,0
0,0,0,0.3465694898215632,0,0,7.25,0
1,0,1,0.3465694898215632,1,0,26.0,0
1,0,1,0.23347574767529528,0,0,26.0,0
0,0,0,0.3465694898215632,0,0,7.75,2
1,0,0,0.39683337521990447,0,0,8.05,0
1,1,0,0.3465694898215632,0,0,26.55,0
1,0,1,0.3465694898215632,1,0,16.1,0
1,0,1,0.5224930887157577,1,0,26.0,0
0,0,0,0.20834380497612465,0,0,7.125,0
0,1,0,0.6230208595124404,1,0,55.9,0
1,1,1,0.17064589092736868,1,1,120.0,0
0,0,1,0.2586076903744659,1,1,34.375,0
1,0,1,0.2963056044232219,1,1,18.75,0
0,1,0,0.7989444584066349,1,1,263.0,0
0,0,0,0.38426740387031916,0,0,10.5,0
1,0,1,0.5601910027645137,1,1,26.25,0
0,0,0,0.24604171902488062,0,0,9.5,0
0,0,0,0.3088715757728072,1,0,7.775,0
1,0,1,0.3465694898215632,0,0,13.0,0
1,0,0,0.3465694898215632,0,0,8.1125,0
1,1,0,0.04498617743151546,0,1,81.8583,0
1,0,1,0.15807991957778336,0,1,19.5,0
1,1,0,0.42196531791907516,0,0,26.55,0
1,0,1,0.05755214878110078,1,1,19.2583,1
1,1,0,0.648152802211611,0,0,30.5,0
0,0,0,0.4470972606182458,1,1,27.75,0
0,0,0,0.3465694898215632,1,0,19.9667,0
0,1,0,0.37170143252073384,0,0,27.75,1
1,1,0,0.610454888162855,1,0,89.1042,1
0,0,0,0.3465694898215632,0,0,8.05,0
1,0,0,0.35913546117114853,0,0,7.8958,1
0,1,0,0.8115104297562201,0,0,26.55,0
1,1,1,0.3465694898215632,1,0,51.8625,0
1,0,1,0.6230208595124404,0,0,10.5,0
0,0,0,0.3465694898215632,0,0,7.75,2
1,1,0,0.5978889168132696,0,0,26.55,0
0,0,0,0.42196531791907516,0,0,8.05,0
0,1,0,0.5853229454636844,0,0,38.5,0
0,0,0,0.5978889168132696,0,0,13.0,0
0,0,0,0.3465694898215632,0,0,8.05,0
0,0,0,0.4722292033174164,0,0,7.05,0
0,0,0,0.3465694898215632,0,0,0.0,0
0,1,0,0.6984166876099522,0,0,26.55,0
0,0,0,0.3465694898215632,0,0,7.725,2
1,0,1,0.004146770545363157,1,1,19.2583,1
0,0,0,0.3465694898215632,0,0,7.25,0
0,0,0,0.4722292033174164,0,0,8.6625,0
1,0,1,0.4093993465694898,1,1,27.75,0
1,0,1,0.2837396330736366,0,0,13.7917,1
0,0,1,0.2711736617240513,0,0,9.8375,0
0,1,0,0.3465694898215632,0,0,52.0,0
0,0,0,0.42196531791907516,1,0,21.0,0
0,0,0,0.35913546117114853,1,0,7.0458,0
0,0,0,0.2711736617240513,0,0,7.5208,0
1,0,1,0.01985423473234481,0,1,12.2875,0
0,0,0,0.10781603417944208,1,1,46.9,0
0,0,0,0.3465694898215632,0,0,0.0,0
0,0,0,0.6230208595124404,0,0,8.05,0
1,0,1,0.7863784870570495,0,0,9.5875,0
1,1,0,0.3088715757728072,1,0,91.0792,1
0,0,1,0.3465694898215632,1,1,25.4667,0
1,1,1,0.43453128926866047,1,0,90.0,0
0,1,0,0.7235486303091229,0,0,29.7,1
0,0,0,0.37170143252073384,0,0,8.05,0
1,0,0,0.10781603417944208,1,1,15.9,0
0,0,0,0.3465694898215632,1,0,19.9667,0
0,0,0,0.2586076903744659,0,0,7.25,0
0,1,0,0.6858507162603669,0,0,30.5,0
0,1,0,0.8869062578537321,0,0,49.5042,1
0,0,0,0.2586076903744659,0,0,8.05,0
0,0,0,0.3465694898215632,0,0,14.4583,1
1,1,1,0.6732847449107816,1,0,78.2667,1
0,0,0,0.3465694898215632,0,0,15.1,0
0,1,1,0.3088715757728072,1,1,151.55,0
0,0,0,0.2963056044232219,0,0,7.7958,0
0,0,0,0.20834380497612465,0,0,8.6625,0
0,0,1,0.2586076903744659,0,0,7.75,2
0,0,1,0.3465694898215632,0,0,7.6292,2
0,0,1,0.4596632319678311,0,0,9.5875,0
1,1,1,0.19577783362653933,0,0,86.5,0
0,1,0,0.22090977632570996,1,0,108.9,1
1,0,1,0.4093993465694898,0,1,26.0,0
1,1,0,0.3465694898215632,0,0,26.55,0
0,0,0,0.3465694898215632,0,0,22.525,0
1,0,0,0.32143754712239253,0,0,56.4958,0
1,0,0,0.35913546117114853,0,0,7.75,2
0,0,0,0.3465694898215632,0,0,8.05,0
1,1,0,0.4470972606182458,0,0,26.2875,0
1,1,1,0.6732847449107816,1,0,59.4,1
0,0,0,0.2963056044232219,0,0,7.4958,0
0,1,0,0.5853229454636844,0,0,34.0208,0
1,0,1,0.42196531791907516,0,0,10.5,0
0,0,0,0.3465694898215632,0,0,24.15,2
1,0,1,0.4470972606182458,1,0,26.0,0
0,0,0,0.39683337521990447,0,0,7.8958,0
1,1,1,0.37170143252073384,0,0,93.5,0
0,0,0,0.2711736617240513,0,0,7.8958,0
0,0,0,0.3465694898215632,0,0,7.225,1
1,1,1,0.5476250314149284,0,1,57.9792,1
0,0,0,0.3465694898215632,0,0,7.2292,1
0,0,0,0.5036441316913798,0,0,7.75,2
1,0,1,0.6230208595124404,0,0,10.5,0
0,1,0,0.3465694898215632,0,0,221.7792,0
0,0,0,0.4847951746670017,0,0,7.925,0
0,0,0,0.2837396330736366,1,1,11.5,0
1,0,1,0.01985423473234481,1,1,26.0,0
0,0,0,0.3465694898215632,0,0,7.2292,1
0,0,0,0.20834380497612465,1,1,7.2292,1
1,0,1,0.3465694898215632,0,1,22.3583,1
0,0,1,0.37170143252073384,0,0,8.6625,0
1,0,1,0.08268409148027142,0,1,26.25,0
0,1,0,0.5601910027645137,0,0,26.55,0
1,1,1,0.37170143252073384,0,0,106.425,1
0,0,0,0.3465694898215632,0,0,14.5,0
1,1,1,0.2711736617240513,0,1,49.5,1
1,1,1,0.4470972606182458,0,1,71.0,0
0,0,1,0.10781603417944208,1,1,31.275,0
0,0,1,0.13294797687861273,1,1,31.275,0
1,0,0,0.39683337521990447,1,0,26.0,0
0,1,0,0.6230208595124404,1,0,106.425,1
0,1,0,0.7989444584066349,0,0,26.0,0
1,0,1,0.23347574767529528,1,0,26.0,0
1,0,0,0.3465694898215632,0,0,13.8625,1
0,0,0,0.4093993465694898,1,1,20.525,0
1,0,0,0.09525006282985675,1,1,36.75,0
1,1,0,0.20834380497612465,0,1,110.8833,1
0,0,0,0.33400351847197784,0,0,26.0,0
0,0,0,0.3465694898215632,0,0,7.8292,2
1,0,0,0.2711736617240513,0,0,7.225,1
1,0,1,0.2711736617240513,0,0,7.775,0
0,1,0,0.7738125157074642,0,0,26.55,0
1,1,1,0.5978889168132696,1,0,39.6,1
0,1,0,0.3465694898215632,0,0,227.525,1
1,1,1,0.4847951746670017,1,1,79.65,0
1,0,1,0.4470972606182458,1,0,17.4,0
0,0,0,0.3465694898215632,0,0,7.75,2
0,0,0,0.4973611460165871,0,0,7.8958,0
0,0,0,0.3465694898215632,0,0,13.5,0
0,0,0,0.3465694898215632,0,0,8.05,0
0,0,1,0.3465694898215632,0,0,8.05,0
0,0,0,0.2963056044232219,1,0,24.15,0
0,0,0,0.23347574767529528,0,0,7.8958,0
0,0,1,0.35913546117114853,0,1,21.075,0
0,0,0,0.3465694898215632,0,0,7.2292,1
1,0,0,0.39683337521990447,0,0,7.8542,0
1,0,0,0.7738125157074642,0,0,10.5,0
1,1,1,0.6607187735611962,1,0,51.4792,0
1,1,0,0.4470972606182458,0,0,26.3875,0
1,0,1,0.3465694898215632,0,0,7.75,2
0,0,0,0.19577783362653933,0,0,8.05,0
0,0,0,0.23347574767529528,0,0,14.5,0
1,0,1,0.42196531791907516,0,0,13.0,0
1,1,1,0.4847951746670017,1,0,55.9,0
0,0,1,0.3465694898215632,1,0,14.4583,1
1,0,0,0.39683337521990447,0,0,7.925,0
1,0,1,0.3088715757728072,1,1,30.0,0
1,1,1,0.4847951746670017,1,1,110.8833,1
0,0,0,0.6732847449107816,0,0,26.0,0
0,1,0,0.4470972606182458,0,0,40.125,1
0,0,0,0.3465694898215632,0,0,8.7125,1
1,1,1,0.22090977632570996,0,1,79.65,0
0,0,0,0.5853229454636844,0,0,15.0,0
1,1,0,0.7486805730082935,1,1,79.2,1
0,0,0,0.2711736617240513,0,0,8.05,0
0,0,0,0.3465694898215632,0,0,8.05,0
0,0,0,0.43453128926866047,0,0,7.125,0
1,1,1,0.648152802211611,1,0,78.2667,1
0,0,0,0.5853229454636844,0,0,7.25,0
0,0,1,0.3465694898215632,0,1,7.75,2
0,0,0,0.4596632319678311,1,0,26.0,0
0,0,0,0.4470972606182458,1,1,24.15,0
1,0,1,0.3465694898215632,0,0,33.0,0
0,0,0,0.610454888162855,0,0,0.0,0
0,0,0,0.3465694898215632,0,0,7.225,1
1,1,0,0.610454888162855,1,0,56.9292,1
1,0,1,0.2963056044232219,1,1,27.0,0
0,0,0,0.3465694898215632,0,0,7.8958,0
0,1,0,0.3465694898215632,0,0,42.4,0
0,0,0,0.5476250314149284,0,0,8.05,0
1,1,0,0.43453128926866047,0,0,26.55,1
0,0,0,0.4470972606182458,1,0,15.55,0
0,0,0,0.37170143252073384,0,0,7.8958,0
1,1,0,0.33400351847197784,0,0,30.5,0
1,0,1,0.2711736617240513,1,1,41.5792,1
1,1,1,0.4973611460165871,0,0,153.4625,0
0,0,1,0.4847951746670017,1,1,31.275,0
0,0,0,0.3465694898215632,0,0,7.05,0
1,0,1,0.3465694898215632,1,0,15.5,2
0,0,0,0.3465694898215632,0,0,7.75,2
0,0,0,0.43453128926866047,0,0,8.05,0
1,0,1,0.2963056044232219,1,1,65.0,0
0,0,0,0.42196531791907516,1,1,14.4,0
0,0,1,0.32143754712239253,1,0,16.1,0
1,0,1,0.04498617743151546,1,1,39.0,0
0,0,0,0.32143754712239253,0,0,10.5,0
0,0,0,0.33400351847197784,1,0,14.4542,1
1,1,0,0.5224930887157577,1,0,52.5542,0
1,0,0,0.24604171902488062,1,1,15.7417,1
0,0,0,0.2586076903744659,0,0,7.8542,0
0,0,0,0.2586076903744659,0,0,16.1,0
0,1,0,0.7612465443578789,0,0,32.3208,0
0,0,0,0.7109826589595376,0,0,12.35,2
1,1,1,0.2586076903744659,0,0,77.9583,0
0,0,0,0.32143754712239253,0,0,7.8958,0
0,0,0,0.3465694898215632,0,0,7.7333,2
1,1,0,1.0,0,0,30.0,0
0,0,0,0.6355868308620256,0,0,7.0542,0
1,1,0,0.39683337521990447,0,0,30.5,1
0,1,0,0.3465694898215632,0,0,0.0,0
0,0,1,0.10781603417944208,1,1,27.9,0
1,0,1,0.3465694898215632,0,0,13.0,0
0,0,0,0.39683337521990447,0,0,7.925,0
0,0,0,0.38426740387031916,1,1,26.25,0
0,0,1,0.5099271173661724,0,1,39.6875,0
0,0,0,0.3465694898215632,1,0,16.1,0
0,0,0,0.24604171902488062,0,0,7.8542,0
1,1,1,0.2963056044232219,0,0,69.3,1
0,0,1,0.01985423473234481,1,1,27.9,0
1,0,0,0.3465694898215632,0,0,56.4958,0
1,0,1,0.004146770545363157,1,1,19.2583,1
1,1,0,0.5978889168132696,1,0,76.7292,1
0,0,0,0.23347574767529528,0,0,7.8958,0
1,1,0,0.6984166876099522,0,0,35.5,1
0,0,0,0.3465694898215632,0,0,7.55,0
1,0,1,0.2837396330736366,0,0,7.55,0
0,0,0,0.3465694898215632,0,0,7.8958,0
1,0,1,0.22090977632570996,0,1,23.0,0
0,0,0,0.2586076903744659,0,0,8.4333,0
1,0,1,0.3465694898215632,0,0,7.8292,2
0,0,1,0.22090977632570996,0,0,6.75,2
0,0,0,0.2963056044232219,1,0,73.5,0
0,0,0,0.3465694898215632,0,0,7.8958,0
0,0,1,0.39683337521990447,1,1,15.5,2
0,0,0,0.2837396330736366,0,0,13.0,0
0,1,0,0.7235486303091229,0,1,113.275,1
1,1,0,0.6230208595124404,1,0,133.65,0
0,0,0,0.4973611460165871,0,0,7.225,1
0,1,0,0.5853229454636844,0,0,25.5875,0
0,0,0,0.4470972606182458,0,0,7.4958,0
1,0,0,0.24604171902488062,1,0,7.925,0
0,0,0,0.39683337521990447,1,0,73.5,0
0,0,0,0.3088715757728072,0,0,13.0,0
0,0,0,0.3465694898215632,0,0,7.775,0
0,0,0,0.5350590600653431,0,0,8.05,0
1,1,1,0.3465694898215632,1,0,52.0,0
1,0,1,0.4973611460165871,1,1,39.0,0
0,1,0,0.38426740387031916,1,0,52.0,0
0,0,0,0.8743402865041467,0,0,10.5,0
1,0,0,0.38426740387031916,0,0,13.0,0
0,0,0,0.3465694898215632,0,0,0.0,0
0,0,0,0.22090977632570996,0,0,7.775,0
0,0,0,0.3025885900980146,0,0,8.05,0
1,0,1,0.22090977632570996,0,0,9.8417,0
0,0,1,0.5350590600653431,1,1,46.9,0
1,1,0,0.4470972606182458,0,1,512.3292,1
0,0,1,0.3465694898215632,0,0,8.1375,2
1,1,0,0.33400351847197784,0,0,76.7292,1
0,0,0,0.24604171902488062,0,0,9.225,0
0,0,0,0.17064589092736868,1,1,46.9,0
0,0,0,0.7486805730082935,1,1,39.0,0
0,0,0,0.3088715757728072,1,1,41.5792,1
0,0,0,0.17064589092736868,1,1,39.6875,0
0,0,0,0.23347574767529528,0,0,10.1708,0
0,0,0,0.22090977632570996,0,0,7.7958,0
1,1,1,0.18321186227695402,0,1,211.3375,0
1,1,0,0.38426740387031916,1,0,57.0,0
1,0,1,0.04498617743151546,0,1,13.4167,1
1,0,0,0.3465694898215632,0,0,56.4958,0
0,0,0,0.3088715757728072,0,0,7.225,1
0,1,0,0.7486805730082935,0,0,26.55,0
0,0,0,0.648152802211611,0,0,13.5,0
0,0,0,0.5476250314149284,0,0,8.05,0
1,0,1,0.3465694898215632,0,0,7.7333,2
0,1,0,0.610454888162855,1,1,110.8833,1
0,0,0,0.5224930887157577,0,0,7.65,0
1,1,1,0.22090977632570996,1,0,227.525,1
1,1,0,0.43453128926866047,0,0,26.2875,0
0,0,1,0.22090977632570996,0,1,14.4542,1
0,0,0,0.3088715757728072,0,0,7.7417,2
0,0,0,0.32143754712239253,1,0,7.8542,0
0,0,0,0.4847951746670017,0,0,26.0,0
1,0,1,0.5601910027645137,0,0,13.5,0
1,1,0,0.5224930887157577,0,0,26.2875,0
1,1,1,0.2711736617240513,0,0,151.55,0
1,0,0,0.3465694898215632,1,1,15.2458,1
1,1,1,0.2963056044232219,0,0,49.5042,1
0,1,0,0.3465694898215632,0,0,26.55,0
1,1,0,0.5978889168132696,1,0,52.0,0
0,0,0,0.35913546117114853,0,0,9.4833,0
0,0,0,0.648152802211611,0,0,13.0,0
0,0,0,0.23347574767529528,0,0,7.65,0
1,1,1,0.4722292033174164,0,0,227.525,1
1,0,1,0.33400351847197784,0,0,10.5,0
0,0,0,0.3465694898215632,0,0,15.5,2
0,0,0,0.4093993465694898,0,0,7.775,0
1,0,1,0.0701181201306861,0,1,33.0,0
0,0,0,0.20834380497612465,1,0,7.0542,0
0,0,0,0.42196531791907516,0,0,13.0,0
0,0,0,0.6230208595124404,0,0,13.0,0
1,1,0,0.33400351847197784,1,0,53.1,0
0,0,0,0.24604171902488062,0,0,8.6625,0
1,0,1,0.37170143252073384,1,0,21.0,0
1,0,1,0.3465694898215632,0,0,7.7375,2
0,0,0,0.3088715757728072,1,0,26.0,0
0,0,1,0.3088715757728072,1,0,7.925,0
1,1,1,0.35913546117114853,0,0,211.3375,0
0,0,0,0.13294797687861273,0,0,18.7875,1
0,0,0,0.3465694898215632,0,0,0.0,0
0,0,0,0.2837396330736366,0,0,13.0,0
0,0,0,0.2837396330736366,0,0,13.0,0
0,0,0,0.35285247549635584,0,0,16.1,0
0,0,1,0.5978889168132696,1,1,34.375,0
1,1,0,0.43453128926866047,0,0,512.3292,1
0,0,0,0.3465694898215632,0,0,7.8958,0
0,0,0,0.3465694898215632,0,0,7.8958,0
1,1,0,0.3465694898215632,0,0,30.0,0
0,1,0,0.4470972606182458,1,0,78.85,0
1,1,1,0.2586076903744659,1,1,262.375,1
0,0,0,0.2963056044232219,1,0,16.1,0
1,0,0,0.38426740387031916,0,0,7.925,0
0,1,0,0.8743402865041467,1,1,71.0,0
0,0,0,0.19577783362653933,1,1,20.25,0
1,0,1,0.37170143252073384,0,0,13.0,0
0,1,0,0.23347574767529528,1,0,53.1,0
0,0,0,0.38426740387031916,0,0,7.75,2
1,0,1,0.04498617743151546,1,1,23.0,0
1,0,0,0.0701181201306861,0,1,12.475,0
0,0,0,0.4093993465694898,0,0,9.5,0
0,0,0,0.2837396330736366,0,0,7.8958,0
1,0,1,0.5978889168132696,1,1,65.0,0
1,0,0,0.0031414928373963316,1,1,14.5,0
0,0,0,0.3465694898215632,0,0,7.7958,0
0,0,0,0.22090977632570996,0,0,11.5,0
0,0,0,0.42196531791907516,0,0,8.05,0
1,1,1,0.4093993465694898,0,0,86.5,0
0,0,0,0.3465694898215632,0,0,14.5,0
0,0,0,0.5099271173661724,0,0,7.125,0
1,0,0,0.24604171902488062,0,0,7.2292,1
1,1,1,0.4470972606182458,1,1,120.0,0
0,0,0,0.19577783362653933,0,0,7.775,0
1,1,1,0.6355868308620256,1,0,77.9583,0
0,1,0,0.3465694898215632,0,0,39.6,1
0,0,1,0.37798441819552653,0,0,7.75,2
0,0,0,0.3465694898215632,1,0,24.15,2
0,0,0,0.39683337521990447,0,0,8.3625,0
0,0,0,0.2963056044232219,0,0,9.5,0
0,0,0,0.5978889168132696,0,0,7.8542,0
0,0,1,0.7109826589595376,0,0,10.5,0
0,0,0,0.3465694898215632,0,0,7.225,1
1,0,1,0.6732847449107816,1,1,23.0,0
0,0,0,0.22090977632570996,0,0,7.75,0
0,0,0,0.3465694898215632,0,0,7.75,2
1,0,1,0.05755214878110078,0,0,12.475,0
0,0,0,0.3465694898215632,0,0,7.7375,2
1,1,1,0.5350590600653431,0,1,211.3375,0
1,0,1,0.15807991957778336,0,0,7.2292,1
1,1,1,0.20834380497612465,1,0,57.0,0
0,1,0,0.35913546117114853,0,0,30.0,0
0,0,0,0.3465694898215632,1,1,23.45,0
0,0,0,0.3088715757728072,0,0,7.05,0
0,0,0,0.3088715757728072,0,0,7.25,0
1,0,1,0.22090977632570996,0,0,7.4958,0
0,0,0,0.09525006282985675,1,1,29.125,2
1,0,0,0.007288263382759489,1,1,20.575,0
0,1,0,0.572756974114099,0,0,79.2,1
0,0,0,0.3465694898215632,0,0,7.75,2
0,0,0,0.19577783362653933,0,0,26.0,0
0,0,1,0.3465694898215632,1,1,69.55,0
0,1,0,0.3465694898215632,0,0,30.6958,1
0,0,0,0.3088715757728072,0,0,7.8958,0
0,0,0,0.4847951746670017,0,0,13.0,0
1,1,1,0.610454888162855,0,0,25.9292,0
1,0,1,0.38426740387031916,0,0,8.6833,0
0,0,0,0.37170143252073384,0,0,7.2292,1
0,0,1,0.37170143252073384,1,1,24.15,0
0,0,0,0.42196531791907516,0,0,13.0,0
1,0,1,0.38426740387031916,1,1,26.25,0
1,1,0,0.13294797687861273,1,1,120.0,0
1,0,0,0.0,0,1,8.5167,1
1,0,0,0.33400351847197784,0,0,6.975,0
0,0,0,0.38426740387031916,0,0,7.775,0
0,1,0,0.4847951746670017,0,0,0.0,0
0,0,1,0.22090977632570996,0,0,7.775,0
0,0,0,0.4847951746670017,0,0,13.0,0
1,1,1,0.4093993465694898,1,0,53.1,0
0,0,0,0.32143754712239253,0,0,7.8875,0
0,0,0,0.4847951746670017,0,0,24.15,0
0,0,0,0.43453128926866047,0,0,10.5,0
0,0,1,0.0701181201306861,1,1,31.275,0
0,0,0,0.37798441819552653,0,0,8.05,0
0,1,0,0.3465694898215632,0,0,0.0,0
0,0,1,0.2837396330736366,0,0,7.925,0
0,0,0,0.38426740387031916,1,1,37.0042,1
0,0,0,0.5350590600653431,0,0,6.45,0
0,0,0,0.12038200552902739,1,1,27.9,0
1,1,1,0.648152802211611,1,1,93.5,0
1,0,0,0.33400351847197784,0,0,8.6625,0
0,1,0,0.4722292033174164,0,0,0.0,0
1,0,1,0.33400351847197784,0,1,12.475,0
0,0,0,0.01985423473234481,1,1,39.6875,0
0,0,0,0.3465694898215632,0,0,6.95,2
0,0,0,0.3465694898215632,0,0,56.4958,0
1,0,0,0.007288263382759489,0,1,37.0042,1
1,0,0,0.3465694898215632,0,0,7.75,2
1,1,1,0.7738125157074642,0,0,80.0,0
1,0,1,0.18321186227695402,1,0,14.4542,1
1,0,0,0.005152048253329982,1,1,18.75,0
0,0,0,0.3465694898215632,0,0,7.2292,1
0,0,0,0.2837396330736366,0,0,7.8542,0
0,0,0,0.22090977632570996,0,0,8.3,0
1,1,1,0.4847951746670017,1,1,83.1583,1
0,0,0,0.2586076903744659,0,0,8.6625,0
0,0,0,0.3465694898215632,0,0,8.05,0
1,0,0,0.39683337521990447,0,0,56.4958,0
1,1,0,0.3465694898215632,0,0,29.7,1
0,0,0,0.24604171902488062,0,0,7.925,0
0,0,0,0.19577783362653933,0,0,10.5,0
1,1,1,0.37170143252073384,0,0,31.0,1
0,0,0,0.4282483035938678,0,0,6.4375,1
0,0,0,0.20834380497612465,0,0,8.6625,0
0,0,0,0.5224930887157577,0,0,7.55,0
0,0,0,0.3465694898215632,1,1,69.55,0
0,0,0,0.43453128926866047,0,0,7.8958,1
0,0,0,0.3465694898215632,0,1,33.0,0
1,1,1,0.3465694898215632,1,0,89.1042,1
0,0,0,0.04498617743151546,1,1,31.275,0
0,0,0,0.9246041719024881,0,0,7.775,0
0,0,1,0.10781603417944208,1,1,15.2458,1
1,1,1,0.19577783362653933,0,1,39.4,0
0,0,1,0.5476250314149284,1,0,26.0,0
1,0,1,0.22090977632570996,0,1,9.35,0
1,1,1,0.5601910027645137,1,1,164.8667,0
1,1,0,0.6355868308620256,0,0,26.55,0
1,0,1,0.2963056044232219,0,1,19.2583,1
0,0,0,0.3465694898215632,0,0,7.2292,1
0,0,0,0.5099271173661724,1,0,14.1083,0
0,0,0,0.2586076903744659,1,0,11.5,0
1,1,1,0.5978889168132696,0,0,25.9292,0
0,0,1,0.3465694898215632,1,1,69.55,0
0,0,0,0.2963056044232219,0,0,13.0,0
1,0,1,0.5224930887157577,0,0,13.0,0
1,0,1,0.33400351847197784,1,0,13.8583,1
0,1,0,0.38426740387031916,0,0,50.4958,0
0,0,0,0.3465694898215632,0,0,9.5,0
1,0,0,0.04498617743151546,1,1,11.1333,0
0,0,0,0.32143754712239253,0,0,7.8958,0
1,1,1,0.5853229454636844,1,1,52.5542,0
0,1,0,0.4093993465694898,0,0,5.0,0
0,0,0,0.5853229454636844,0,0,9.0,0
1,0,1,0.3465694898215632,1,0,24.0,1
1,0,1,0.18321186227695402,0,0,7.225,1
0,0,0,0.24604171902488062,0,0,9.8458,0
0,0,0,0.23347574767529528,0,0,7.8958,0
0,0,0,0.3465694898215632,0,0,7.8958,0
1,1,1,0.6984166876099522,0,1,83.1583,1
1,0,1,0.3088715757728072,0,1,26.0,0
0,0,0,0.4093993465694898,0,0,7.8958,0
0,0,1,0.2711736617240513,0,0,10.5167,0
0,0,0,0.3465694898215632,0,0,10.5,0
0,0,0,0.3088715757728072,0,0,7.05,0
0,0,1,0.4847951746670017,0,1,29.125,2
0,0,0,0.33400351847197784,0,0,13.0,0
1,1,1,0.23347574767529528,0,0,30.0,0
0,0,1,0.3465694898215632,1,1,23.45,0
1,1,0,0.32143754712239253,0,0,30.0,1
0,0,0,0.39683337521990447,0,0,7.75,2
